Date,Sex,Location,Employed full-time ('000),Employed part-time ('000)
2002,Males,NSW,1.39163482,0
2002,Males,NSW,13.43917492,0
2002,Males,VIC,1.19888092,0.35408597
2002,Males,VIC,2.77636417,0
2002,Males,QLD,3.02951629,0.26645255
2002,Males,QLD,13.44190256,0
2002,Males,SA,2.25548114,0.16985069
2002,Males,SA,0.75157245,0
2002,Males,WA,15.92291843,0.18229721
2002,Males,WA,14.64294949,0.19786015
2002,Males,TAS,1.64060058,0.18069099
2002,Males,NT,1.41601854,0.14460338
2002,Males,NT,0.09535705,0
2002,Females,NSW,0.3223432,0
2002,Females,NSW,0.35777097,0.36781134
2002,Females,VIC,0.53095302,0.27043536
2002,Females,QLD,0.31313439,0.24789735
2002,Females,QLD,1.00145697,0
2002,Females,SA,0.3313664,0
2002,Females,SA,0,0.14329336
2002,Females,WA,2.44619423,0.83931465
2002,Females,WA,2.27029972,0.20057831
2002,Females,NT,0.31760634,0
2002,Males,NSW,1.76531093,0
2002,Males,NSW,11.67211304,0.32953584
2002,Males,VIC,2.64779519,0.25759352
2002,Males,VIC,1.42236295,0
2002,Males,QLD,2.98199178,0
2002,Males,QLD,14.20527855,0
2002,Males,SA,2.43313929,0
2002,Males,SA,0.42145219,0.16853871
2002,Males,WA,16.55202309,0
2002,Males,WA,13.68521257,0
2002,Males,TAS,1.53567489,0.18043016
2002,Males,NT,1.24333496,0
2002,Females,NSW,1.00428397,0.33312849
2002,Females,VIC,0.27151432,0.26740376
2002,Females,QLD,0.2034171,0
2002,Females,QLD,1.28392617,0
2002,Females,SA,0.48943434,0
2002,Females,WA,3.34773977,0.52295954
2002,Females,WA,3.14095221,0
2002,Females,NT,0.55274639,0
2002,Males,NSW,1.82618018,0
2002,Males,NSW,11.63953511,0
2002,Males,VIC,4.0834037,0
2002,Males,VIC,1.99032188,0
2002,Males,QLD,2.08497795,0
2002,Males,QLD,13.57305823,0
2002,Males,SA,3.07854831,0
2002,Males,SA,0.51678847,0.17682261
2002,Males,WA,17.07151774,0
2002,Males,WA,10.68596616,0.16147055
2002,Males,TAS,0.18361323,0
2002,Males,TAS,1.4103321,0
2002,Males,NT,1.75771714,0
2002,Females,NSW,0.6387399,0
2002,Females,NSW,0.68060895,0
2002,Females,VIC,0,0.25529048
2002,Females,QLD,0.23556378,0
2002,Females,QLD,0.99437073,0.23127307
2002,Females,WA,3.26945608,0.17524231
2002,Females,WA,2.36848023,0
2002,Females,TAS,0.16364039,0.0848217
2002,Females,NT,0.32281734,0
2002,Males,NSW,3.16333556,0
2002,Males,NSW,11.82904437,0.57393651
2002,Males,VIC,3.95245368,0
2002,Males,VIC,3.70257073,0
2002,Males,QLD,2.77586969,0.2322937
2002,Males,QLD,17.45089129,0
2002,Males,SA,2.7415224,0
2002,Males,SA,0.36996503,0
2002,Males,WA,18.26858258,0.16989856
2002,Males,WA,10.66747941,0
2002,Males,TAS,0.3092108,0
2002,Males,TAS,1.68690876,0.08023553
2002,Males,NT,2.47841634,0
2002,Females,NSW,0.33411222,0
2002,Females,VIC,0.36440184,0.28435689
2002,Females,QLD,0.49148787,0
2002,Females,QLD,1.52308211,0
2002,Females,SA,0,0.18314782
2002,Females,WA,2.32094363,1.09363702
2002,Females,WA,1.67885732,0.40078923
2002,Females,TAS,0.09974774,0
2002,Females,NT,0.18162698,0.16282135
2003,Males,NSW,3.95829964,0.34568116
2003,Males,NSW,16.67087707,0.74779976
2003,Males,VIC,3.6730687,0.24602698
2003,Males,VIC,3.3993642,0
2003,Males,QLD,3.99005423,0
2003,Males,QLD,11.350361,0
2003,Males,SA,2.15845951,0
2003,Males,SA,4.88681147,0
2003,Males,WA,17.69628945,0.37610409
2003,Males,WA,11.61283203,0.1582742
2003,Males,TAS,0.17740899,0
2003,Males,TAS,1.62247269,0.06551557
2003,Males,NT,2.21015761,0
2003,Females,NSW,0.35098854,0
2003,Females,NSW,0,0.42977097
2003,Females,VIC,0.66345404,0.87793608
2003,Females,QLD,0.80779627,0
2003,Females,SA,0,0.13727241
2003,Females,SA,0.1219023,0
2003,Females,WA,3.47574792,0.56868693
2003,Females,WA,0.85583809,0.16808751
2003,Females,TAS,0.16934204,0
2003,Females,NT,0.37218344,0
2003,Males,NSW,2.62529003,0
2003,Males,NSW,11.40971198,0.8003959
2003,Males,VIC,3.15481289,0.66378879
2003,Males,VIC,3.42410172,0
2003,Males,QLD,2.12841868,0
2003,Males,QLD,12.60039336,0.53401099
2003,Males,SA,1.96640951,0
2003,Males,SA,4.24746167,0
2003,Males,WA,15.82985554,0.1767026
2003,Males,WA,12.82620832,0
2003,Males,TAS,0.09443033,0
2003,Males,TAS,1.43727864,0.11150576
2003,Males,NT,1.79551049,0
2003,Males,NT,0.18315786,0
2003,Females,NSW,0.36073567,0
2003,Females,VIC,0.57109684,0.24157929
2003,Females,VIC,0.29329495,0
2003,Females,QLD,0.80595165,0
2003,Females,QLD,1.5978021,0.28589264
2003,Females,SA,0.15333766,0.13087235
2003,Females,SA,0.28509826,0.17219518
2003,Females,WA,4.77199836,0.35770667
2003,Females,WA,1.22583135,0
2003,Females,NT,0.31185462,0
2003,Males,NSW,1.20625305,0
2003,Males,NSW,13.52492389,0.32906831
2003,Males,VIC,2.18921699,0.2652627
2003,Males,VIC,2.09300939,0.28000971
2003,Males,QLD,3.18104366,0
2003,Males,QLD,14.07087444,0.29246643
2003,Males,SA,1.82408974,0
2003,Males,SA,3.83630393,0
2003,Males,WA,13.85227524,0.57020161
2003,Males,WA,10.37703189,0
2003,Males,TAS,0.18830664,0
2003,Males,TAS,1.47897086,0
2003,Males,NT,1.57444867,0
2003,Females,NSW,0,0.82864693
2003,Females,VIC,0.57090605,0
2003,Females,VIC,0.61165237,0
2003,Females,QLD,0.50455585,0
2003,Females,QLD,0.54615348,0
2003,Females,SA,0.15941398,0
2003,Females,SA,0.47725852,0
2003,Females,WA,4.00789379,0.51597763
2003,Females,WA,0.75508511,0
2003,Females,TAS,0.07849928,0.09494362
2003,Females,NT,0.08792927,0
2003,Males,NSW,2.15979888,0.39703469
2003,Males,NSW,13.61249522,0
2003,Males,VIC,2.16113208,0.26846313
2003,Males,VIC,2.24708293,0
2003,Males,QLD,1.86904232,0.26917646
2003,Males,QLD,17.27143278,0.27200467
2003,Males,SA,2.47808635,0
2003,Males,SA,4.06542705,0
2003,Males,WA,16.90689547,0.53653333
2003,Males,WA,11.76702738,0
2003,Males,TAS,0.1756304,0
2003,Males,TAS,1.6768729,0
2003,Males,NT,2.05833261,0
2003,Males,NT,0.10200554,0
2003,Females,NSW,0.70152914,0.38980748
2003,Females,VIC,0.27111257,0
2003,Females,VIC,0.36044822,0.33744561
2003,Females,QLD,0,0.27933073
2003,Females,QLD,1.28141807,0
2003,Females,SA,0.4747748,0
2003,Females,SA,0.81960539,0
2003,Females,WA,5.12793025,0.30838505
2003,Females,WA,1.1013414,0.19255647
2003,Females,TAS,0.19145019,0.09620593
2003,Females,NT,0.09883606,0.09830674
2004,Males,NSW,2.40994596,0.29635388
2004,Males,NSW,15.40941952,1.56152436
2004,Males,VIC,2.47391387,0
2004,Males,VIC,3.89998643,0.19575278
2004,Males,QLD,2.94931218,0
2004,Males,QLD,17.98680004,0.31565848
2004,Males,SA,1.64095039,0
2004,Males,SA,3.66957035,0
2004,Males,WA,18.70589045,0.7439196
2004,Males,WA,14.94818819,0.21178946
2004,Males,TAS,0.17319788,0
2004,Males,TAS,1.31182801,0
2004,Males,NT,1.61042999,0.12468991
2004,Females,NSW,1.11167752,0.3877983
2004,Females,VIC,0.32584528,0.28194304
2004,Females,QLD,0.57721402,0
2004,Females,QLD,0.26585197,0.27074621
2004,Females,SA,0.53867994,0
2004,Females,SA,0.79228532,0
2004,Females,WA,3.83389745,1.00632971
2004,Females,WA,1.61592167,0
2004,Females,TAS,0.21812291,0.09506075
2004,Females,NT,0.13540533,0
2004,Males,NSW,2.60002078,0
2004,Males,NSW,11.94249434,0.75437776
2004,Males,VIC,3.59204944,0
2004,Males,VIC,3.78953661,0
2004,Males,QLD,4.68512114,0
2004,Males,QLD,17.97581547,0
2004,Males,SA,0.98282672,0
2004,Males,SA,2.66168147,0.18667607
2004,Males,WA,22.6859432,0.17557849
2004,Males,WA,14.52624502,0.17055373
2004,Males,TAS,0.35627242,0
2004,Males,TAS,2.05905407,0
2004,Males,NT,1.97419536,0
2004,Females,NSW,0.90355771,0.32809433
2004,Females,VIC,0.95119228,0
2004,Females,QLD,0.97564234,0.29010096
2004,Females,QLD,0.52286365,0.25744963
2004,Females,SA,0.17711705,0
2004,Females,SA,0.14200857,0
2004,Females,WA,5.47186384,0.83270976
2004,Females,WA,2.05547336,0.16310338
2004,Females,NT,0.3265058,0
2004,Males,NSW,3.08330811,0
2004,Males,NSW,14.41146466,0.73583005
2004,Males,VIC,1.56146687,0
2004,Males,VIC,3.13160838,0
2004,Males,QLD,3.97477792,0.27783231
2004,Males,QLD,15.99147825,0
2004,Males,SA,1.92078212,0
2004,Males,SA,3.44534834,0
2004,Males,WA,18.52693484,0.15861345
2004,Males,WA,9.93817953,0.36616626
2004,Males,TAS,0.26827013,0.12432096
2004,Males,TAS,1.55014278,0
2004,Males,NT,2.23884677,0
2004,Females,NSW,0.35639865,0
2004,Females,NSW,0,0.75793784
2004,Females,VIC,0,0.26386439
2004,Females,VIC,0.34605962,0
2004,Females,QLD,0.57319189,0.2895506
2004,Females,QLD,0.95309005,0.22791817
2004,Females,SA,0.30576083,0
2004,Females,WA,4.44840651,0.72128767
2004,Females,WA,2.1773737,0.40138251
2004,Females,NT,0.13508652,0.12151278
2004,Males,NSW,2.69368598,0
2004,Males,NSW,15.0431557,0.70446581
2004,Males,VIC,2.16856513,0
2004,Males,VIC,3.14514019,0.32686198
2004,Males,QLD,5.15950329,0.28403557
2004,Males,QLD,16.22195206,0.26261115
2004,Males,SA,2.25843489,0
2004,Males,SA,3.15319525,0.17940611
2004,Males,WA,16.80919732,0.19806695
2004,Males,WA,11.78250681,0
2004,Males,TAS,0.09017942,0.10622867
2004,Males,TAS,2.18665185,0
2004,Males,NT,1.92081015,0
2004,Males,NT,0.19128642,0
2004,Females,NSW,0,0.34438866
2004,Females,NSW,0.63856166,0.78251894
2004,Females,VIC,0.26668268,0.26555352
2004,Females,VIC,0.33298675,0
2004,Females,QLD,0.75747934,0.52102252
2004,Females,QLD,1.39670226,0.24242745
2004,Females,SA,0.45703028,0
2004,Females,SA,0.37432259,0
2004,Females,WA,4.76427563,0.76109934
2004,Females,WA,2.64172531,0
2004,Females,TAS,0.17525507,0
2004,Females,NT,0.25663226,0.32148594
2005,Males,NSW,2.75170074,0
2005,Males,NSW,17.02679982,0.86099361
2005,Males,VIC,2.75679852,0
2005,Males,VIC,1.55063858,0.63992068
2005,Males,QLD,4.1280615,0
2005,Males,QLD,17.71204,0.25051998
2005,Males,SA,2.23418615,0
2005,Males,SA,4.19487979,0
2005,Males,WA,23.63693761,0.22126353
2005,Males,WA,13.41706114,0.42620195
2005,Males,TAS,0.1796118,0
2005,Males,TAS,1.68402493,0
2005,Males,NT,1.36043769,0.12979978
2005,Males,NT,0.0969241,0
2005,Females,NSW,1.33078538,0.77326494
2005,Females,VIC,0,0.46694173
2005,Females,VIC,0.37386259,0
2005,Females,QLD,0.53557567,0
2005,Females,QLD,1.11455252,0
2005,Females,SA,0.46131806,0.15213552
2005,Females,SA,0.86072928,0.13345107
2005,Females,WA,4.2068538,0.55337787
2005,Females,WA,1.754436,0.21379933
2005,Females,TAS,0.30209347,0.09603851
2005,Females,NT,0.13987286,0.08439496
2005,Males,NSW,1.69712139,0.72022542
2005,Males,NSW,17.91000598,0.25117285
2005,Males,VIC,2.14071676,0
2005,Males,VIC,3.51969186,0
2005,Males,QLD,5.70157164,0
2005,Males,QLD,17.95342923,0.26043884
2005,Males,SA,2.27345143,0
2005,Males,SA,3.80159544,0
2005,Males,WA,25.30356192,0.40292961
2005,Males,WA,15.7023762,0.18288852
2005,Males,TAS,0.10037287,0
2005,Males,TAS,1.42728974,0
2005,Males,NT,1.82987036,0
2005,Males,NT,0,0.05749273
2005,Females,NSW,0.30904013,0.31959587
2005,Females,VIC,0.8755561,0.26939286
2005,Females,QLD,1.10408464,0
2005,Females,QLD,1.04470395,0
2005,Females,SA,0.46639435,0.48527399
2005,Females,SA,0.15657392,0.14834659
2005,Females,WA,4.25386394,0.53252034
2005,Females,WA,1.0965409,0.15968056
2005,Females,TAS,0.12208503,0
2005,Females,NT,0,0.08932692
2005,Males,NSW,1.73238894,0.40664436
2005,Males,NSW,14.11403451,0.97881189
2005,Males,VIC,2.73956147,0
2005,Males,VIC,4.83810067,0
2005,Males,QLD,6.63618204,0
2005,Males,QLD,25.29877742,0
2005,Males,SA,2.16624551,0
2005,Males,SA,4.37261938,0
2005,Males,WA,23.9191791,0.20955488
2005,Males,WA,15.93125838,0
2005,Males,TAS,1.5362436,0.1047175
2005,Males,NT,0.95038281,0
2005,Females,NSW,1.00197152,0.37048657
2005,Females,VIC,0.30305576,0.29136095
2005,Females,VIC,0.31046751,0
2005,Females,QLD,0.95546015,0.27919881
2005,Females,QLD,2.67243854,0.29997082
2005,Females,SA,0.47742351,0.16685747
2005,Females,SA,0.42996836,0.14961841
2005,Females,WA,4.12671848,0.71689113
2005,Females,WA,1.7356513,0.1991454
2005,Females,TAS,0.22462716,0.25596017
2005,Females,NT,0.27513663,0.13133998
2005,Males,NSW,2.83163279,0.7700851
2005,Males,NSW,14.65377958,0.52526794
2005,Males,VIC,3.50321004,0
2005,Males,VIC,3.80540013,0.34997153
2005,Males,QLD,8.0196506,0
2005,Males,QLD,24.06348106,0.21620346
2005,Males,SA,3.65219667,0
2005,Males,SA,3.62123366,0
2005,Males,WA,24.53560693,0
2005,Males,WA,15.72486285,0.19844869
2005,Males,TAS,2.16634805,0.09282105
2005,Males,NT,1.20606442,0
2005,Females,NSW,0.71938126,0.41704876
2005,Females,VIC,1.52508137,0
2005,Females,VIC,0.27329399,0
2005,Females,QLD,1.98965157,0.51831803
2005,Females,QLD,2.15239885,0.42900198
2005,Females,SA,0.66645965,0.13384874
2005,Females,SA,0.73142289,0
2005,Females,WA,5.96947406,0.91698278
2005,Females,WA,3.91219249,0.35390122
2005,Females,TAS,0.32356458,0.13883101
2005,Females,NT,0.27303684,0
2006,Males,NSW,2.87532417,0
2006,Males,NSW,16.74360204,0
2006,Males,VIC,4.02196489,0
2006,Males,VIC,2.82318248,0
2006,Males,QLD,6.1099537,0
2006,Males,QLD,26.3109837,0
2006,Males,SA,3.3493029,0
2006,Males,SA,4.70607075,0
2006,Males,WA,23.74574405,0.5859932
2006,Males,WA,11.4513801,0.21813749
2006,Males,TAS,0.10147249,0
2006,Males,TAS,2.01028063,0
2006,Males,NT,1.56277747,0
2006,Females,NSW,0.48274784,0
2006,Females,NSW,0.43002272,0.34955762
2006,Females,VIC,0.90023053,0
2006,Females,VIC,0.3106758,0
2006,Females,QLD,1.35513421,0.54881025
2006,Females,QLD,1.73370165,0.23423878
2006,Females,SA,0.47134992,0
2006,Females,SA,0.59171743,0
2006,Females,WA,6.90330775,1.24655842
2006,Females,WA,1.76718259,0
2006,Females,TAS,0.32503736,0.12896199
2006,Females,NT,0.30812656,0
2006,Males,NSW,2.2070301,0.27577219
2006,Males,NSW,15.39971986,0
2006,Males,VIC,2.90252645,0
2006,Males,VIC,3.13904294,0
2006,Males,QLD,4.33399088,0
2006,Males,QLD,29.50316656,0
2006,Males,SA,3.06675055,0.17586913
2006,Males,SA,4.33729661,0.21274575
2006,Males,WA,24.92952436,0.22953717
2006,Males,WA,13.38451045,3.48324874
2006,Males,TAS,0.09705297,0
2006,Males,TAS,1.72639488,0.11428766
2006,Males,NT,1.8505813,0
2006,Females,NSW,0.34255224,0.69661087
2006,Females,VIC,0.62075021,0.29412578
2006,Females,QLD,1.05913701,0.2402517
2006,Females,QLD,2.06594895,0.27483342
2006,Females,SA,0.66607471,0.3661342
2006,Females,SA,1.01487479,0
2006,Females,WA,6.07475551,1.45044567
2006,Females,WA,2.13430412,2.50990451
2006,Females,TAS,0.19625758,0
2006,Males,NSW,2.61093968,0.70533935
2006,Males,NSW,16.35856151,0.40627373
2006,Males,VIC,4.18960273,0
2006,Males,VIC,4.88962974,0
2006,Males,QLD,4.01880865,0
2006,Males,QLD,25.47811637,0.22600637
2006,Males,SA,4.26968109,0.17480962
2006,Males,SA,4.82804279,0
2006,Males,WA,26.74473021,0.37617217
2006,Males,WA,16.83280423,0.24482672
2006,Males,TAS,0.29811824,0
2006,Males,TAS,1.98380308,0
2006,Males,NT,1.91886329,0
2006,Females,NSW,0.89152386,0.71515626
2006,Females,NSW,0.41755495,0
2006,Females,VIC,0.35206778,0
2006,Females,QLD,0.24673884,0.56768384
2006,Females,QLD,0.42494939,0.34359753
2006,Females,SA,0.79603625,0.36642351
2006,Females,SA,1.04590476,0
2006,Females,WA,5.39366305,0.85091181
2006,Females,WA,2.70732855,0.92696743
2006,Females,TAS,0.08274319,0
2006,Females,NT,0.10611096,0
2006,Males,NSW,2.47551634,0
2006,Males,NSW,22.01088641,0.37974511
2006,Males,VIC,4.65043512,0
2006,Males,VIC,3.49454939,0
2006,Males,QLD,4.46861938,0
2006,Males,QLD,25.43974084,0.23982622
2006,Males,SA,3.53737611,0.14241001
2006,Males,SA,4.78980564,0.2263915
2006,Males,WA,25.81212825,0
2006,Males,WA,15.03178275,0.24348764
2006,Males,TAS,0.18582759,0.09086068
2006,Males,TAS,1.84183567,0
2006,Males,NT,1.39900053,0
2006,Males,NT,0.43300302,0
2006,Females,NSW,0.49509293,0
2006,Females,NSW,0.81290281,0
2006,Females,VIC,0.64305183,0
2006,Females,QLD,1.76397027,0
2006,Females,QLD,1.62918027,0.21192267
2006,Females,SA,0.65728778,0.1699676
2006,Females,SA,1.14494484,0
2006,Females,WA,7.64201326,0.92093453
2006,Females,WA,2.38827746,0.22778303
2006,Females,NT,0.14883009,0
2007,Males,NSW,2.51618642,0.33873451
2007,Males,NSW,20.74509793,0.83857867
2007,Males,VIC,1.16707759,0
2007,Males,VIC,3.53372484,0
2007,Males,QLD,4.44015474,0.32404239
2007,Males,QLD,28.91918799,0.41125542
2007,Males,SA,4.23551402,0
2007,Males,SA,4.73564641,0
2007,Males,WA,26.24444753,0.44170807
2007,Males,WA,15.66689178,0
2007,Males,TAS,0.2709888,0
2007,Males,TAS,2.39179925,0
2007,Males,NT,1.79817263,0
2007,Males,NT,0.18202672,0
2007,Females,NSW,0.36154535,0.6802675
2007,Females,NSW,0.68242728,0
2007,Females,VIC,0.30308697,0
2007,Females,QLD,1.22078141,0
2007,Females,QLD,0.55499479,0.48422685
2007,Females,SA,1.60119332,0.18763963
2007,Females,SA,1.38501781,0
2007,Females,WA,6.20232627,0.71076838
2007,Females,WA,2.47930982,0.20993905
2007,Females,TAS,0.08260707,0
2007,Females,NT,0.27809877,0
2007,Males,NSW,2.52361753,0
2007,Males,NSW,18.10594379,0.37897541
2007,Males,VIC,4.15588204,0
2007,Males,VIC,4.94092255,0.36021591
2007,Males,QLD,3.94951818,0
2007,Males,QLD,27.42041753,0.41004374
2007,Males,SA,2.77701313,0.29550315
2007,Males,SA,3.27271002,0
2007,Males,WA,25.28779669,0.20934876
2007,Males,WA,14.58493669,0
2007,Males,TAS,0.08467682,0
2007,Males,TAS,2.53433031,0.13054721
2007,Males,NT,1.3542462,0
2007,Males,NT,0.18171379,0
2007,Females,NSW,1.02459805,0
2007,Females,NSW,0.34196243,0
2007,Females,VIC,0.57201273,0
2007,Females,VIC,0.55166395,0
2007,Females,QLD,1.84067977,0
2007,Females,QLD,2.61954138,0.25444475
2007,Females,SA,0.95395244,0
2007,Females,SA,1.47349412,0
2007,Females,WA,6.70093754,0.94750067
2007,Females,WA,1.80809293,0
2007,Females,TAS,0,0.10130404
2007,Females,TAS,0.19875666,0
2007,Females,NT,0.49388538,0
2007,Males,NSW,1.66174213,0.31821048
2007,Males,NSW,17.80366524,0.84112204
2007,Males,VIC,4.7447819,0
2007,Males,VIC,6.3270143,0
2007,Males,QLD,5.50324574,0
2007,Males,QLD,27.35779603,0
2007,Males,SA,3.17422725,0
2007,Males,SA,3.72910217,0
2007,Males,WA,27.1732792,0.39119394
2007,Males,WA,14.89710648,0
2007,Males,TAS,0.28179973,0
2007,Males,TAS,1.61956279,0.20957114
2007,Males,NT,3.09684826,0
2007,Females,NSW,1.0342825,0
2007,Females,NSW,0.33479611,0
2007,Females,VIC,1.23260869,0
2007,Females,QLD,1.32701983,0
2007,Females,QLD,2.57727299,0
2007,Females,SA,1.19458258,0
2007,Females,SA,0.94656044,0
2007,Females,WA,6.39871247,1.20005732
2007,Females,WA,1.91387752,0
2007,Females,TAS,0.09622922,0
2007,Females,TAS,0.18283732,0
2007,Males,NSW,2.97170174,0
2007,Males,NSW,17.83595733,0
2007,Males,VIC,3.58715113,0
2007,Males,VIC,3.54215654,0
2007,Males,QLD,8.63864492,0
2007,Males,QLD,27.28686509,0
2007,Males,SA,3.99016176,0
2007,Males,SA,4.20419901,0.11598894
2007,Males,WA,26.65327515,0.20711853
2007,Males,WA,13.83694275,0.35986125
2007,Males,TAS,0.22392473,0
2007,Males,TAS,1.94189894,0.10390582
2007,Males,NT,2.774732,0
2007,Females,NSW,0.65635955,0
2007,Females,NSW,0.42321943,0
2007,Females,VIC,0.96650137,0
2007,Females,QLD,1.98267547,0.31283218
2007,Females,QLD,1.58422986,0
2007,Females,SA,0.68210423,0.15462969
2007,Females,SA,0.96178132,0
2007,Females,WA,6.93081402,1.10513174
2007,Females,WA,2.42302001,0.20876626
2007,Females,TAS,0,0.07878343
2007,Females,TAS,0.10077591,0
2007,Females,NT,0.23608354,0
2008,Males,NSW,4.26053488,0.4515199
2008,Males,NSW,17.20498549,0
2008,Males,VIC,3.79416532,0
2008,Males,VIC,4.23920803,0
2008,Males,QLD,5.46663901,0.32438152
2008,Males,QLD,24.73945681,0
2008,Males,SA,2.54752446,0
2008,Males,SA,4.79527048,0
2008,Males,WA,31.14399526,0.57402576
2008,Males,WA,14.50358362,0
2008,Males,TAS,0.19017701,0
2008,Males,TAS,1.79588165,0
2008,Males,NT,2.65561739,0
2008,Males,NT,0,0
2008,Females,NSW,0.35322127,0
2008,Females,NSW,0.29800403,0
2008,Females,VIC,0.76827275,0
2008,Females,QLD,2.52225561,0.31526391
2008,Females,QLD,2.15010666,0.52175956
2008,Females,SA,0.9001252,0.15384669
2008,Females,SA,0.80763021,0
2008,Females,WA,6.74090294,1.18896352
2008,Females,WA,2.03505292,0.17408082
2008,Females,TAS,0.08318799,0
2008,Females,NT,0.21003902,0
2008,Males,NSW,4.36659403,0
2008,Males,NSW,22.99090585,0.79304336
2008,Males,VIC,1.58204129,0
2008,Males,VIC,3.25661845,0
2008,Males,QLD,5.96891088,0
2008,Males,QLD,25.1198537,0
2008,Males,SA,3.92157641,0
2008,Males,SA,2.61785311,0
2008,Males,WA,38.28585628,0.44190911
2008,Males,WA,20.53103684,0.39907075
2008,Males,TAS,0.31791352,0.09361011
2008,Males,TAS,1.7949187,0
2008,Males,NT,3.3655711,0.0567002
2008,Males,NT,0.23027414,0
2008,Females,NSW,0.44331679,0
2008,Females,NSW,1.41636101,0
2008,Females,VIC,1.56542884,0
2008,Females,VIC,0.60236756,0
2008,Females,QLD,3.08570632,0.74579188
2008,Females,QLD,1.45424771,0
2008,Females,SA,0.95015123,0.37854088
2008,Females,WA,9.70044823,1.88876107
2008,Females,WA,4.03317169,0
2008,Females,TAS,0.21112935,0
2008,Females,TAS,0.36732299,0
2008,Females,NT,0.57669537,0.10866483
2008,Males,NSW,1.72993657,0
2008,Males,NSW,27.56796559,0.97031333
2008,Males,VIC,4.7347107,0
2008,Males,VIC,3.25914819,0
2008,Males,QLD,5.4036341,0.61374726
2008,Males,QLD,27.88682115,0.4828102
2008,Males,SA,5.78466571,0
2008,Males,SA,2.96936007,0
2008,Males,WA,34.23165736,0
2008,Males,WA,23.41257776,0
2008,Males,TAS,0.11307977,0
2008,Males,TAS,1.84805729,0
2008,Males,NT,4.49661494,0
2008,Females,NSW,0.53127554,0.53581151
2008,Females,NSW,1.91911789,0
2008,Females,VIC,1.03246605,0.53010547
2008,Females,VIC,0,0.28154385
2008,Females,QLD,2.10769739,0.96305457
2008,Females,QLD,1.09489208,0.75834573
2008,Females,SA,0.54033441,0.5125745
2008,Females,SA,0.224714,0
2008,Females,WA,10.05689287,0.41401003
2008,Females,WA,3.71915836,0
2008,Females,NT,0.51436793,0.17610944
2008,Males,NSW,3.21023481,0
2008,Males,NSW,25.42968505,0.43590246
2008,Males,VIC,4.29657384,0
2008,Males,VIC,3.56755561,0
2008,Males,QLD,7.8070559,0
2008,Males,QLD,30.38568282,0
2008,Males,SA,6.47468376,0.45794183
2008,Males,SA,1.94342198,0
2008,Males,WA,38.6906874,0.33742691
2008,Males,WA,19.94760821,0
2008,Males,TAS,0.11176688,0
2008,Males,TAS,1.71643528,0.15434913
2008,Males,NT,4.84788357,0
2008,Females,NSW,0.4926194,0.55974437
2008,Females,NSW,2.3763915,0.48433879
2008,Females,VIC,2.04455321,0
2008,Females,VIC,0.8104857,0.27516213
2008,Females,QLD,2.8131247,0
2008,Females,QLD,2.57237495,1.44718785
2008,Females,SA,0.79533495,0
2008,Females,SA,0.32195613,0
2008,Females,WA,10.74604871,0.75567648
2008,Females,WA,3.81852524,0
2008,Females,NT,0.50284482,0.18102784
2009,Males,NSW,4.13634073,0
2009,Males,NSW,23.12947357,0.57708319
2009,Males,VIC,5.387076,0
2009,Males,VIC,4.02803763,0
2009,Males,QLD,12.7937068,0
2009,Males,QLD,32.40838124,0.51278698
2009,Males,SA,4.77822022,0
2009,Males,SA,2.31628747,0
2009,Males,WA,30.83301037,0.5125977
2009,Males,WA,17.83023966,0
2009,Males,TAS,0.15873204,0
2009,Males,TAS,2.10780368,0
2009,Males,NT,4.36863753,0
2009,Females,NSW,3.23857929,0.57037486
2009,Females,VIC,1.57253143,0
2009,Females,VIC,0.53522727,0
2009,Females,QLD,1.48293965,0
2009,Females,QLD,0.75346886,2.21852786
2009,Females,SA,0.49470816,0
2009,Females,WA,6.08271824,0.69185848
2009,Females,WA,3.67431659,0
2009,Females,TAS,0.27693654,0
2009,Females,NT,0.25383807,0
2009,Males,NSW,3.14897432,0
2009,Males,NSW,19.31858716,1.25799996
2009,Males,VIC,3.82011118,0
2009,Males,VIC,4.26250387,0
2009,Males,QLD,11.5021944,0
2009,Males,QLD,31.07751421,0.5467424
2009,Males,SA,3.44132342,0.2401329
2009,Males,SA,1.98385555,0
2009,Males,WA,28.23427023,0.29146357
2009,Males,WA,17.64301847,0
2009,Males,TAS,0.13170812,0
2009,Males,TAS,2.40867284,0
2009,Males,NT,3.7814465,0
2009,Females,NSW,1.04888906,0
2009,Females,NSW,3.97538391,0
2009,Females,VIC,0.96848092,0
2009,Females,VIC,0.55676896,0
2009,Females,QLD,2.3576016,0
2009,Females,QLD,1.61045174,1.03470279
2009,Females,SA,0.80965899,0
2009,Females,WA,4.35611592,1.3293564
2009,Females,WA,2.3929915,0.29678247
2009,Females,TAS,0.2526921,0
2009,Females,NT,0.13611991,0
2009,Males,NSW,5.63467988,0.64304504
2009,Males,NSW,20.32267765,1.57833811
2009,Males,VIC,4.99615561,0
2009,Males,VIC,5.50864574,0
2009,Males,QLD,10.00550434,0
2009,Males,QLD,29.72826976,0
2009,Males,SA,3.90539135,0
2009,Males,SA,1.53774656,0
2009,Males,WA,29.246697,0.40746177
2009,Males,WA,22.55864385,0
2009,Males,TAS,0.24139759,0
2009,Males,TAS,2.82240095,0
2009,Males,NT,3.07396329,0
2009,Females,NSW,0.52389285,0.51938095
2009,Females,NSW,1.84591984,0
2009,Females,VIC,1.4751312,0
2009,Females,VIC,0.51980941,0
2009,Females,QLD,2.8602503,0.47522697
2009,Females,QLD,2.74624079,0.44803546
2009,Females,SA,0.80344331,0
2009,Females,WA,6.6667461,0.6126685
2009,Females,WA,1.76732241,0.23895443
2009,Females,TAS,0.1317184,0
2009,Females,TAS,0.11832699,0
2009,Females,NT,0.3024966,0
2009,Males,NSW,6.44825414,0
2009,Males,NSW,22.4513098,1.73619724
2009,Males,VIC,6.13567905,0.38905169
2009,Males,VIC,2.98532107,0.40280742
2009,Males,QLD,5.81906829,0
2009,Males,QLD,28.50478295,0
2009,Males,SA,3.93165051,0.14677457
2009,Males,SA,1.9477444,0
2009,Males,WA,33.46559259,0
2009,Males,WA,22.42000795,0.97224346
2009,Males,TAS,0.087736,0
2009,Males,TAS,3.39362118,0
2009,Males,NT,2.56768847,0
2009,Females,NSW,0.40378994,0.35517142
2009,Females,NSW,2.42977385,0
2009,Females,VIC,1.5748528,0
2009,Females,QLD,2.66857743,0
2009,Females,QLD,2.67556073,0.34546087
2009,Females,SA,1.15844661,0
2009,Females,WA,5.4364774,0.79542361
2009,Females,WA,3.12862307,0
2009,Females,TAS,0,0.10045657
2009,Females,TAS,0.21336633,0
2009,Females,NT,0.45155961,0
2010,Males,NSW,5.59750378,0
2010,Males,NSW,24.90184026,0.93615027
2010,Males,VIC,5.21899006,0
2010,Males,VIC,3.85166725,0
2010,Males,QLD,7.34470286,0
2010,Males,QLD,26.27446459,0
2010,Males,SA,4.58433462,0.19239726
2010,Males,SA,1.94518343,0.24460195
2010,Males,WA,43.03933777,0.80883014
2010,Males,WA,20.65997955,0
2010,Males,TAS,0.11251509,0
2010,Males,TAS,3.0914639,0.10149388
2010,Males,NT,3.63691792,0
2010,Males,NT,0.21559373,0
2010,Females,NSW,0.42416434,0.37383727
2010,Females,NSW,0.78883922,0
2010,Females,VIC,1.44733669,0
2010,Females,VIC,0.84168917,0
2010,Females,QLD,0.92735798,0.68012421
2010,Females,QLD,3.42939951,0.48665026
2010,Females,SA,0.79356765,0
2010,Females,WA,8.96203728,1.07611305
2010,Females,WA,2.6978205,0
2010,Females,TAS,0,0.10401408
2010,Females,TAS,0.12825597,0
2010,Females,NT,0.52116514,0.10437304
2010,Males,NSW,3.76185694,0.39744633
2010,Males,NSW,23.08072039,0
2010,Males,VIC,5.88889417,0.31922494
2010,Males,VIC,1.63422315,0
2010,Males,QLD,10.59645228,0.36356618
2010,Males,QLD,24.65957534,0.33739498
2010,Males,SA,3.46071581,0.21005612
2010,Males,SA,2.71522473,0
2010,Males,WA,43.84864199,0.77950746
2010,Males,WA,19.64168893,0.46478687
2010,Males,TAS,0.49528516,0.1025147
2010,Males,TAS,2.51651538,0
2010,Males,NT,3.06056828,0.07701166
2010,Males,NT,0.50494713,0
2010,Females,NSW,0.38158885,0.40652942
2010,Females,NSW,1.86651273,0.83452919
2010,Females,VIC,2.23928614,0
2010,Females,VIC,0.90039412,0
2010,Females,QLD,0.97300183,0.77077013
2010,Females,QLD,2.72868471,0.46192191
2010,Females,SA,0.39872776,0
2010,Females,WA,11.53630918,2.40909018
2010,Females,WA,3.33242743,0
2010,Females,TAS,0.11732201,0.10881247
2010,Females,NT,0.76772492,0
2010,Males,NSW,4.67355451,0.44753817
2010,Males,NSW,24.60210185,0.80171049
2010,Males,VIC,3.98565409,0.364427
2010,Males,VIC,4.91381573,0.36700412
2010,Males,QLD,10.4028188,0
2010,Males,QLD,32.25675034,0
2010,Males,SA,3.95082343,0.18665595
2010,Males,SA,1.56378112,0.28425027
2010,Males,WA,40.0471952,0
2010,Males,WA,31.21818747,0
2010,Males,TAS,0.33202395,0.12362215
2010,Males,TAS,2.34880985,0
2010,Males,NT,2.99162453,0
2010,Males,NT,0.40745126,0
2010,Females,NSW,0.79375246,0.40523069
2010,Females,NSW,1.81543685,0
2010,Females,VIC,0.43568718,0
2010,Females,VIC,0.34808356,0
2010,Females,QLD,1.35383886,0.71222062
2010,Females,QLD,4.33944212,0.38409419
2010,Females,SA,0,0
2010,Females,WA,11.28561118,1.15163917
2010,Females,WA,4.34946938,0
2010,Females,TAS,0,0.11913553
2010,Females,TAS,0.18772013,0
2010,Females,NT,0.52669421,0.09378526
2010,Females,NT,0,0.1042253
2010,Males,NSW,4.31673401,0.41534142
2010,Males,NSW,24.44195404,0.87627949
2010,Males,VIC,3.04734059,0
2010,Males,VIC,4.26835266,0
2010,Males,QLD,11.51760541,0
2010,Males,QLD,31.24124133,0
2010,Males,SA,4.23926703,0.20838819
2010,Males,SA,2.0950238,0
2010,Males,WA,39.08360069,0.52453173
2010,Males,WA,31.73152724,0
2010,Males,TAS,0.53198227,0.08993354
2010,Males,TAS,2.4288297,0
2010,Males,NT,3.30171161,0
2010,Males,NT,0.15298604,0
2010,Females,NSW,0.79632145,0.84608828
2010,Females,NSW,2.50860653,0
2010,Females,VIC,1.31240287,0
2010,Females,VIC,0,0.28211506
2010,Females,QLD,2.75111972,0
2010,Females,QLD,4.46541838,0.74176265
2010,Females,SA,0.65104741,0.17008348
2010,Females,WA,13.36651866,1.48771249
2010,Females,WA,3.8463971,0
2010,Females,TAS,0,0.22893717
2010,Females,TAS,0.22994727,0.10893246
2010,Females,NT,0.6153659,0
2011,Males,NSW,4.3010882,0.48776085
2011,Males,NSW,29.21930191,0
2011,Males,VIC,4.90900016,0.31545498
2011,Males,VIC,3.80779915,0
2011,Males,QLD,11.85215424,0
2011,Males,QLD,33.55487592,0
2011,Males,SA,3.00578145,0
2011,Males,SA,1.79800483,0
2011,Males,WA,39.61476386,0.33335675
2011,Males,WA,30.07568183,0
2011,Males,TAS,0.47177894,0
2011,Males,TAS,2.57149859,0.10279074
2011,Males,NT,4.21022423,0
2011,Males,NT,0.13074209,0
2011,Females,NSW,3.33287564,0
2011,Females,VIC,1.32270692,0
2011,Females,VIC,0.47854251,0.25317528
2011,Females,QLD,3.43497106,0
2011,Females,QLD,4.24460206,0.76050309
2011,Females,SA,2.61430034,0.19302563
2011,Females,WA,9.28094121,1.96618722
2011,Females,WA,4.38216941,0
2011,Females,TAS,0.14650184,0
2011,Females,NT,0.31121725,0
2011,Males,NSW,5.46583563,0
2011,Males,NSW,28.29148186,0.41800003
2011,Males,VIC,3.19086256,0
2011,Males,VIC,3.60034156,0
2011,Males,QLD,11.5786443,0.71030807
2011,Males,QLD,41.3395158,0
2011,Males,SA,4.65951778,0.1903907
2011,Males,SA,2.06477843,0
2011,Males,WA,43.53217907,0.36994456
2011,Males,WA,27.92318331,0.25389783
2011,Males,TAS,0.36745167,0
2011,Males,TAS,2.83759491,0.12368978
2011,Males,NT,4.0254853,0
2011,Females,NSW,3.6201511,0.46750549
2011,Females,VIC,1.18768457,0
2011,Females,QLD,2.72993498,0
2011,Females,QLD,1.87194561,1.21473091
2011,Females,SA,1.40203584,0.44391547
2011,Females,SA,0.58917033,0
2011,Females,WA,11.98650596,1.957832
2011,Females,WA,4.6643463,0.35694055
2011,Females,TAS,0.09619268,0
2011,Females,TAS,0.11453711,0
2011,Females,NT,0.38627319,0.06915253
2011,Males,NSW,4.10761328,0.47612818
2011,Males,NSW,26.60586546,0
2011,Males,VIC,5.10154382,0.87917515
2011,Males,VIC,3.72346682,0
2011,Males,QLD,10.62051228,0
2011,Males,QLD,46.2440907,0
2011,Males,SA,4.15425538,0.18125998
2011,Males,SA,1.73404378,0
2011,Males,WA,45.95863381,0.26288715
2011,Males,WA,28.76861973,0.42433975
2011,Males,TAS,0.28112231,0.11000927
2011,Males,TAS,3.33439453,0
2011,Males,NT,3.80110104,0
2011,Males,NT,0.13308371,0
2011,Females,NSW,0.91736867,0.4037654
2011,Females,NSW,2.85990959,0.86014758
2011,Females,VIC,1.1851906,0.40834043
2011,Females,VIC,0.46099394,0
2011,Females,QLD,2.19080552,0.38814605
2011,Females,QLD,2.81021593,1.8746153
2011,Females,SA,1.16245323,0.39949955
2011,Females,SA,0.55785185,0
2011,Females,WA,12.30458485,2.25232659
2011,Females,WA,3.10134218,0
2011,Females,TAS,0.0931538,0
2011,Females,NT,0.1942134,0.09117191
2011,Males,NSW,5.1977283,0
2011,Males,NSW,31.32286576,0.45521933
2011,Males,VIC,5.86191267,0.4629626
2011,Males,VIC,4.52545524,0
2011,Males,QLD,10.5614715,0.65060556
2011,Males,QLD,36.42185627,0
2011,Males,SA,5.55380553,0
2011,Males,SA,2.36087129,0
2011,Males,WA,49.728144,0.59455355
2011,Males,WA,38.1699865,0.23436374
2011,Males,TAS,0.26073897,0
2011,Males,TAS,3.75639665,0.12059884
2011,Males,NT,3.71726263,0.13784169
2011,Males,NT,0.12502397,0
2011,Females,NSW,0.8918474,0.39299883
2011,Females,NSW,2.85475086,1.24210956
2011,Females,VIC,2.49714639,0.46338885
2011,Females,VIC,0,0
2011,Females,QLD,3.88275463,0.55089024
2011,Females,QLD,4.63706223,0.55007631
2011,Females,SA,1.7091952,0.4057854
2011,Females,SA,0.20807755,0
2011,Females,WA,11.34875941,2.07810206
2011,Females,WA,4.8669076,0.32646125
2011,Females,TAS,0.2416459,0.12361576
2011,Females,NT,0.39761401,0
2012,Males,NSW,6.53439547,0
2012,Males,NSW,32.74984375,1.03093143
2012,Males,VIC,7.49631497,0
2012,Males,VIC,4.01360747,0
2012,Males,QLD,11.33424898,0.84360746
2012,Males,QLD,39.58889667,0.37619872
2012,Males,SA,6.05011335,0
2012,Males,SA,2.11855153,0.22147589
2012,Males,WA,50.66733197,0.58435073
2012,Males,WA,35.62710607,0
2012,Males,TAS,0.35438082,0
2012,Males,TAS,3.53029453,0.11113941
2012,Males,NT,4.38935127,0
2012,Males,NT,0.27029735,0
2012,Females,NSW,0.78795167,0
2012,Females,NSW,3.37786232,0
2012,Females,VIC,0.73435527,1.21660492
2012,Females,QLD,3.24087973,0
2012,Females,QLD,6.09913778,0.35926105
2012,Females,SA,0.99018454,0.45047597
2012,Females,SA,0.82440584,0
2012,Females,WA,14.7863513,0.85175051
2012,Females,WA,4.62309964,1.27617623
2012,Females,TAS,0,0.10398372
2012,Females,TAS,0.22898981,0
2012,Females,NT,0.7596293,0
2012,Males,NSW,6.75560047,0
2012,Males,NSW,37.2075196,0.94648579
2012,Males,VIC,5.30066534,0
2012,Males,VIC,4.51150046,0
2012,Males,QLD,15.75845657,1.4025441
2012,Males,QLD,44.66634417,0.89064961
2012,Males,SA,7.10889433,0
2012,Males,SA,4.6313291,0
2012,Males,WA,58.29887448,0.84682135
2012,Males,WA,38.04062453,0
2012,Males,TAS,0.20260194,0
2012,Males,TAS,3.66853768,0
2012,Males,NT,3.35627447,0
2012,Males,NT,0.10773209,0
2012,Females,NSW,2.46149389,0.95966088
2012,Females,VIC,1.12090143,0.43987375
2012,Females,QLD,3.10585435,0.66352854
2012,Females,QLD,6.04128667,0
2012,Females,SA,1.38660305,0.38891774
2012,Females,SA,0.50002752,0
2012,Females,WA,16.20398098,1.64464428
2012,Females,WA,4.16284095,0.6236043
2012,Females,TAS,0,0.081912
2012,Females,TAS,0.09343625,0
2012,Females,NT,0.52561582,0
2012,Females,NT,0.14052968,0
2012,Males,NSW,4.34169683,0.43447464
2012,Males,NSW,33.5101933,2.80737032
2012,Males,VIC,4.98252092,0
2012,Males,VIC,5.57686737,0
2012,Males,QLD,17.19773498,0.34423614
2012,Males,QLD,40.87005861,1.21121055
2012,Males,SA,7.90651262,0.16571002
2012,Males,SA,4.15916864,0
2012,Males,WA,59.35949931,0.80670508
2012,Males,WA,39.7450356,0.3548276
2012,Males,TAS,0.41533903,0
2012,Males,TAS,4.21886815,0
2012,Males,NT,4.47320061,0.0947408
2012,Males,NT,0.11860527,0
2012,Females,NSW,0.91450468,0
2012,Females,NSW,2.97282185,0
2012,Females,VIC,1.52317183,0
2012,Females,QLD,3.91001595,0
2012,Females,QLD,4.99525912,0.88687687
2012,Females,SA,0.77424208,0.37073046
2012,Females,WA,16.55478055,0.79425203
2012,Females,WA,3.44652725,0.37305516
2012,Females,TAS,0.10810862,0
2012,Females,TAS,0.13840603,0
2012,Females,NT,0.36090615,0
2012,Males,NSW,5.58885398,0
2012,Males,NSW,34.26443109,0.91695279
2012,Males,VIC,4.93900912,0
2012,Males,VIC,4.01794942,0
2012,Males,QLD,15.22970967,0.38343799
2012,Males,QLD,41.81667248,0.38366326
2012,Males,SA,5.57049268,0
2012,Males,SA,4.65432391,0
2012,Males,WA,59.2520356,0.49831073
2012,Males,WA,32.99423032,0
2012,Males,TAS,0.46783388,0
2012,Males,TAS,3.52021483,0.09678873
2012,Males,NT,5.46860452,0.06038651
2012,Females,NSW,0.83486662,0.45824131
2012,Females,NSW,1.83602018,0
2012,Females,VIC,1.2022927,0
2012,Females,VIC,0.222221,0
2012,Females,QLD,5.94448313,0.38991587
2012,Females,QLD,5.78313873,1.20995047
2012,Females,SA,1.95256933,0.18416288
2012,Females,SA,0.20885829,0
2012,Females,WA,12.05714823,3.05509353
2012,Females,WA,4.19420046,0.1408408
2012,Females,TAS,0.31344196,0
2012,Females,TAS,0.12246971,0
2012,Females,NT,0.22495344,0
2013,Males,NSW,9.64064581,0
2013,Males,NSW,24.65633781,0.89134608
2013,Males,VIC,5.14007369,0.32758532
2013,Males,VIC,6.22078942,0.34310922
2013,Males,QLD,17.56902779,0
2013,Males,QLD,45.82209242,0
2013,Males,SA,6.73386783,0.18240366
2013,Males,SA,3.68062819,0
2013,Males,WA,59.42011975,0.59442533
2013,Males,WA,36.74554366,0
2013,Males,TAS,0.59693044,0
2013,Males,TAS,4.29918663,0.15228315
2013,Males,NT,4.08466536,0.20909456
2013,Males,NT,0.20910839,0
2013,Females,NSW,2.46756407,0
2013,Females,NSW,2.65482795,0
2013,Females,VIC,2.54369683,0
2013,Females,QLD,3.37226892,0.33396122
2013,Females,QLD,4.68192348,0.65705801
2013,Females,SA,1.72785756,0.59181522
2013,Females,SA,0.49969819,0
2013,Females,WA,11.50999556,1.39178961
2013,Females,WA,3.49278826,0
2013,Females,TAS,0.11348346,0
2013,Females,TAS,0.22262272,0
2013,Females,NT,0.38235869,0.11591122
2013,Females,NT,0,0.11010812
2013,Males,NSW,7.72353602,1.40700416
2013,Males,NSW,26.85016912,0
2013,Males,VIC,6.75407172,0.4152105
2013,Males,VIC,8.44763885,0
2013,Males,QLD,15.64997706,0
2013,Males,QLD,45.49544075,0.79329879
2013,Males,SA,4.64852028,0.2764544
2013,Males,SA,4.05804351,0
2013,Males,WA,55.02825661,0.56511904
2013,Males,WA,31.53886553,0
2013,Males,TAS,1.0407075,0
2013,Males,TAS,2.6872016,0
2013,Males,NT,3.7677589,0.07816894
2013,Females,NSW,1.98486584,0.82901981
2013,Females,NSW,3.13297011,0.46992453
2013,Females,VIC,2.03317453,0.36307997
2013,Females,VIC,0.30656866,0
2013,Females,QLD,1.62077368,0.43862145
2013,Females,QLD,8.0308482,0.90545897
2013,Females,SA,0.19855471,0.19819464
2013,Females,SA,0.25959898,0
2013,Females,WA,10.56164465,2.11059514
2013,Females,WA,5.77865246,0
2013,Females,TAS,0.26566078,0.23773221
2013,Females,NT,0.32718649,0
2013,Males,NSW,8.02895102,0
2013,Males,NSW,34.8923138,0.51749439
2013,Males,VIC,5.34209842,0
2013,Males,VIC,4.66443598,0
2013,Males,QLD,17.29761509,0
2013,Males,QLD,44.96393264,0.4388468
2013,Males,SA,5.77132752,0
2013,Males,SA,4.15168161,0.28646191
2013,Males,WA,51.46366212,1.06235628
2013,Males,WA,34.39681738,0
2013,Males,TAS,0.36004858,0
2013,Males,TAS,3.21209106,0.23322068
2013,Males,NT,4.14369701,0
2013,Males,NT,0.20869565,0
2013,Females,NSW,1.52496025,0.61944803
2013,Females,NSW,2.01389704,1.04668773
2013,Females,VIC,0.99481478,0
2013,Females,VIC,1.07652614,0
2013,Females,QLD,4.22664101,0.84625092
2013,Females,QLD,8.04186911,0.75454981
2013,Females,SA,0.51588824,0.2214168
2013,Females,SA,0.58371512,0
2013,Females,WA,12.26447232,0.73762061
2013,Females,WA,5.06633616,0
2013,Females,TAS,0.10626053,0
2013,Females,NT,0.48768375,0
2013,Males,NSW,6.94437151,0.5136342
2013,Males,NSW,33.29391214,0
2013,Males,VIC,7.3651694,0
2013,Males,VIC,3.64351125,0.53127262
2013,Males,QLD,19.55243826,0
2013,Males,QLD,49.29857444,0
2013,Males,SA,7.391954,0
2013,Males,SA,2.32554136,0.6090621
2013,Males,WA,59.68516945,1.4626508
2013,Males,WA,25.12741605,0.43068477
2013,Males,TAS,0.22302351,0
2013,Males,TAS,3.51135359,0
2013,Males,NT,5.21384839,0
2013,Males,NT,0,0.19578626
2013,Females,NSW,1.30540078,0
2013,Females,NSW,4.46520453,0.92186239
2013,Females,VIC,1.3651253,0
2013,Females,QLD,4.08303087,0.64056698
2013,Females,QLD,6.70181246,0.31779454
2013,Females,SA,1.41698848,0.21464013
2013,Females,SA,0.78854369,0
2013,Females,WA,11.22317411,1.82723279
2013,Females,WA,2.77750109,0.46127421
2013,Females,TAS,0.34949657,0.12164591
2013,Females,NT,0.78809931,0
2014,Males,NSW,3.056249,0
2014,Males,NSW,28.95504541,1.15755367
2014,Males,VIC,5.6466649,0
2014,Males,VIC,5.62989586,0
2014,Males,QLD,17.76147457,0
2014,Males,QLD,48.76438862,0
2014,Males,SA,8.58923304,0
2014,Males,SA,4.02888565,0
2014,Males,WA,55.3599664,2.82011892
2014,Males,WA,33.84603649,0
2014,Males,TAS,0.22538414,0
2014,Males,TAS,3.41051116,0
2014,Males,NT,4.58102896,0
2014,Males,NT,0,0
2014,Females,NSW,0.73116274,0.4118215
2014,Females,NSW,3.22085864,0
2014,Females,VIC,1.38010438,0
2014,Females,QLD,4.50213538,0.82574804
2014,Females,QLD,3.79331527,0.74613639
2014,Females,SA,1.45474709,0.22354634
2014,Females,SA,0.78444429,0.23678641
2014,Females,WA,13.21829538,2.53017152
2014,Females,WA,4.04940739,0.45216635
2014,Females,TAS,0.24027989,0
2014,Females,NT,0.54353054,0.24740354
2014,Males,NSW,1.95945347,0.39000296
2014,Males,NSW,34.42723307,0.9501273
2014,Males,VIC,7.87518817,0
2014,Males,VIC,5.43731161,0.93374666
2014,Males,QLD,15.29652449,0
2014,Males,QLD,50.89946378,0
2014,Males,SA,9.25432431,0.43586447
2014,Males,SA,3.3294468,0.29616801
2014,Males,WA,50.9443856,0.88377033
2014,Males,WA,27.89338861,0
2014,Males,TAS,0.650912,0
2014,Males,TAS,3.21962088,0
2014,Males,NT,5.65841782,0
2014,Females,NSW,0.61551177,0
2014,Females,NSW,2.2005785,0.47100067
2014,Females,VIC,1.81996471,0.44421802
2014,Females,VIC,0,0
2014,Females,QLD,2.87169262,0.74493096
2014,Females,QLD,5.40997064,0.35990523
2014,Females,SA,1.41591785,0.74436242
2014,Females,SA,0,0.68806027
2014,Females,WA,11.66637946,1.73701413
2014,Females,WA,3.75157512,0.35085436
2014,Females,TAS,0,0.08248204
2014,Females,TAS,0.10068431,0.08758538
2014,Females,NT,0.77133354,0
2014,Males,NSW,2.18694072,0.45832174
2014,Males,NSW,27.05111306,0.84801391
2014,Males,VIC,8.32397834,0
2014,Males,VIC,4.11283741,0
2014,Males,QLD,12.18016129,0.91588915
2014,Males,QLD,45.42415552,0.37558193
2014,Males,SA,7.21221713,0.23629946
2014,Males,SA,3.6154285,0.38723421
2014,Males,WA,50.30432207,0.63835772
2014,Males,WA,24.02909937,0.53372263
2014,Males,TAS,0.34480163,0
2014,Males,TAS,2.64424634,0
2014,Males,NT,3.88874721,0
2014,Females,NSW,0.5910405,0
2014,Females,NSW,2.52987513,0.47121443
2014,Females,VIC,2.04582009,0.57439567
2014,Females,VIC,0.57382045,0
2014,Females,QLD,2.18330523,0.84930572
2014,Females,QLD,7.02490436,0
2014,Females,SA,1.50162818,0.5126421
2014,Females,WA,10.41380273,0.78988241
2014,Females,WA,3.40364591,0.37834893
2014,Females,NT,0.5825048,0.11380275
2014,Males,NSW,1.53487668,0
2014,Males,NSW,23.21712961,0
2014,Males,VIC,5.63760657,0
2014,Males,VIC,3.60676201,0
2014,Males,QLD,11.02014005,0
2014,Males,QLD,43.42815331,0.47556237
2014,Males,SA,8.96970374,0.26509498
2014,Males,SA,4.63606685,0.7817099
2014,Males,WA,50.46652429,1.31666451
2014,Males,WA,25.23581765,0.93795269
2014,Males,TAS,0.4901089,0
2014,Males,TAS,3.00528561,0.09859702
2014,Males,NT,4.5874083,0.10479749
2014,Females,NSW,1.13962493,0
2014,Females,NSW,2.13108661,0.47154356
2014,Females,QLD,2.29854329,0
2014,Females,QLD,5.5921239,0.41878382
2014,Females,SA,0.74311999,0.54894758
2014,Females,SA,0.27464935,0
2014,Females,WA,12.21734998,1.05017756
2014,Females,WA,2.58499286,0.38794038
2014,Females,NT,0.43971796,0.09718659
2015,Males,NSW,2.16595052,0
2015,Males,NSW,29.62222561,0.48405167
2015,Males,VIC,3.92169071,0
2015,Males,VIC,4.69894379,0
2015,Males,QLD,14.68829381,0.37831004
2015,Males,QLD,34.85684357,1.89478071
2015,Males,SA,6.75010615,0.24038524
2015,Males,SA,3.09964881,0.31074667
2015,Males,WA,44.85528024,0.58092669
2015,Males,WA,23.63348666,0
2015,Males,TAS,0.67203432,0
2015,Males,TAS,1.46544761,0.11092341
2015,Males,NT,4.52877294,0.06268799
2015,Females,NSW,2.56950595,0.53736803
2015,Females,VIC,1.0620599,0
2015,Females,QLD,3.47259987,0.35274346
2015,Females,QLD,4.48958865,2.7556207
2015,Females,SA,0,0.23337611
2015,Females,SA,1.28251465,0
2015,Females,WA,10.12206489,0.63801455
2015,Females,WA,5.89404811,0
2015,Females,TAS,0.11476701,0
2015,Females,NT,1.04590918,0.09239645
2015,Males,NSW,4.67715013,0
2015,Males,NSW,27.99847943,1.70659638
2015,Males,VIC,4.19380056,0
2015,Males,VIC,4.12133798,0.52735516
2015,Males,QLD,16.25811721,0.35839564
2015,Males,QLD,40.45170955,2.36781595
2015,Males,SA,6.05484676,0.55187599
2015,Males,SA,3.54924577,0.17578279
2015,Males,WA,48.63173603,0
2015,Males,WA,24.43268501,0
2015,Males,TAS,2.02271491,0
2015,Males,NT,3.95679004,0.06093832
2015,Males,NT,0.23999417,0
2015,Females,NSW,0.46775192,0.46344297
2015,Females,NSW,1.37306472,0.50566233
2015,Females,VIC,1.0963662,0
2015,Females,VIC,0.62325914,0
2015,Females,QLD,3.15533837,0
2015,Females,QLD,1.52599007,0
2015,Females,SA,0,0
2015,Females,SA,0.63156349,0
2015,Females,WA,12.66998166,1.66837341
2015,Females,WA,3.22115941,0
2015,Females,TAS,0.12372591,0
2015,Females,NT,0.74628314,0.10379483
2015,Males,NSW,5.35361039,0
2015,Males,NSW,31.75662878,0.99586474
2015,Males,VIC,4.84665252,0
2015,Males,VIC,2.78316332,0
2015,Males,QLD,16.40139697,0
2015,Males,QLD,42.12702573,0.93446712
2015,Males,SA,3.95233491,0.57306031
2015,Males,SA,5.20995333,0.27186919
2015,Males,WA,51.97753668,1.34277165
2015,Males,WA,29.28346129,0
2015,Males,TAS,0.12709275,0
2015,Males,TAS,1.84579551,0
2015,Males,NT,5.24800903,0
2015,Females,NSW,2.0936266,0
2015,Females,NSW,2.80613722,0
2015,Females,VIC,0.52924981,0
2015,Females,VIC,0.86376937,0
2015,Females,QLD,3.60209691,0
2015,Females,QLD,2.93517501,0.48018971
2015,Females,SA,0.76030354,0
2015,Females,SA,0.76576916,0
2015,Females,WA,12.58497577,1.65119937
2015,Females,WA,3.66490309,0
2015,Females,TAS,0.30059274,0
2015,Females,NT,0.86446262,0.09712679
2015,Males,NSW,3.8181483,0
2015,Males,NSW,29.65128011,0.58699244
2015,Males,VIC,3.67630346,0
2015,Males,VIC,1.58813138,0
2015,Males,QLD,8.70296683,0
2015,Males,QLD,41.99494179,0.45781625
2015,Males,SA,4.63489431,0.43200185
2015,Males,SA,2.13219126,0
2015,Males,WA,49.1547375,0.63732555
2015,Males,WA,26.46562739,0
2015,Males,TAS,0.24815219,0
2015,Males,TAS,1.61942946,0
2015,Males,NT,4.86279343,0
2015,Females,NSW,2.24677178,0
2015,Females,NSW,2.85206368,0
2015,Females,VIC,1.43576178,0
2015,Females,VIC,0.50372953,0
2015,Females,QLD,2.87135399,0.30804989
2015,Females,QLD,2.34923313,0.90174243
2015,Females,SA,0.95175964,0
2015,Females,SA,0.35082665,0
2015,Females,WA,9.70540551,1.4583077
2015,Females,WA,4.87429681,0
2015,Females,TAS,0.39247358,0
2015,Females,NT,0.56067106,0.0715636
2016,Males,NSW,4.30174944,0
2016,Males,NSW,30.31602453,0
2016,Males,VIC,4.36311676,0
2016,Males,VIC,3.36689297,0
2016,Males,QLD,7.85606453,0.41181942
2016,Males,QLD,39.53934135,0
2016,Males,SA,3.00493063,0
2016,Males,SA,1.29486481,0
2016,Males,WA,51.25612042,0.89504145
2016,Males,WA,29.79435952,0.51384071
2016,Males,TAS,0.43644292,0
2016,Males,TAS,2.42128891,0
2016,Males,NT,4.7576203,0.05785508
2016,Females,NSW,0.45463398,0
2016,Females,NSW,2.59740098,0
2016,Females,VIC,1.61213947,0
2016,Females,VIC,0.76858011,0
2016,Females,QLD,2.871804,0
2016,Females,QLD,4.93074644,0.89595538
2016,Females,SA,0.95631884,0
2016,Females,SA,0,0
2016,Females,WA,9.04806585,0.77364207
2016,Females,WA,4.19821946,0
2016,Females,TAS,0.11778195,0
2016,Females,TAS,0.33985544,0
2016,Females,NT,0.73591423,0
2016,Males,NSW,4.42996438,0
2016,Males,NSW,23.2167117,0
2016,Males,VIC,3.23821867,0
2016,Males,VIC,5.54361131,0
2016,Males,QLD,11.41379689,0.37240093
2016,Males,QLD,29.80320131,0.48073607
2016,Males,SA,4.26864453,0
2016,Males,SA,2.0160808,0.73364847
2016,Males,WA,55.62954618,0.65878178
2016,Males,WA,28.30942076,0
2016,Males,TAS,0.20969428,0
2016,Males,TAS,1.97531597,0
2016,Males,NT,6.16045769,0.11670337
2016,Females,NSW,0,0.49975928
2016,Females,NSW,3.6548033,0.43113896
2016,Females,VIC,1.07155028,0
2016,Females,VIC,0.44801187,0
2016,Females,QLD,2.09885975,0
2016,Females,QLD,5.78545258,0.67888196
2016,Females,SA,0.9834215,0
2016,Females,WA,11.62060339,1.61881478
2016,Females,WA,7.01845351,0.80664437
2016,Females,TAS,0.30469016,0
2016,Females,NT,0.77755635,0
2016,Males,NSW,6.07880389,0
2016,Males,NSW,25.94756995,1.91280214
2016,Males,VIC,5.02534737,0
2016,Males,VIC,3.86314361,0.86306012
2016,Males,QLD,11.97438534,0.3642304
2016,Males,QLD,34.35450727,1.27548795
2016,Males,SA,3.07255432,0.44411177
2016,Males,SA,2.07082621,0.317992
2016,Males,WA,45.87300028,0.68321927
2016,Males,WA,29.5278977,0
2016,Males,TAS,0.597411,0
2016,Males,TAS,2.59224926,0
2016,Males,NT,3.61055039,0
2016,Females,NSW,0.4815251,0
2016,Females,NSW,2.86481888,0
2016,Females,VIC,1.48791769,0
2016,Females,QLD,3.79287438,0
2016,Females,QLD,7.32288305,0
2016,Females,SA,0.28842685,0
2016,Females,SA,0.5453217,0
2016,Females,WA,11.32032829,1.69840459
2016,Females,WA,2.45812921,0
2016,Females,TAS,0,0.08928082
2016,Females,NT,0.76351267,0
2016,Males,NSW,7.09431658,0.26091205
2016,Males,NSW,29.93172865,0.53409828
2016,Males,VIC,4.05924319,0
2016,Males,VIC,4.64813031,0.53325683
2016,Males,QLD,8.44574172,0.87002814
2016,Males,QLD,38.24072656,0.50127488
2016,Males,SA,3.95925883,0
2016,Males,SA,2.85072364,0
2016,Males,WA,49.49008766,0
2016,Males,WA,28.08035195,0.51512681
2016,Males,TAS,0.10447072,0
2016,Males,TAS,1.84110301,0.35325571
2016,Males,NT,5.42390004,0
2016,Females,NSW,0.39495458,0
2016,Females,NSW,2.10078376,0.48934826
2016,Females,VIC,0.94992253,0.91344852
2016,Females,QLD,1.00516899,0.85661923
2016,Females,QLD,7.0082751,0.71724339
2016,Females,SA,0.23687244,0
2016,Females,SA,0.36580072,0
2016,Females,WA,11.62689514,2.21523568
2016,Females,WA,3.6552914,0.67449231
2016,Females,TAS,0.09403018,0.19113291
2016,Females,NT,0.66026016,0.21091109
2017,Males,NSW,6.06152395,0.33162353
2017,Males,NSW,28.78564126,0.93542897
2017,Males,VIC,4.13222183,0
2017,Males,VIC,6.39004132,0.50504753
2017,Males,QLD,9.63932182,0.42607073
2017,Males,QLD,37.60075307,1.60255567
2017,Males,SA,4.54941773,0.27370163
2017,Males,SA,4.49691056,0.25653398
2017,Males,WA,48.93674022,0.62221614
2017,Males,WA,28.69941956,1.57365178
2017,Males,TAS,0.37179358,0.10102187
2017,Males,TAS,1.73906246,0
2017,Males,NT,6.81089744,0.08179625
2017,Females,NSW,0,0.48758321
2017,Females,NSW,2.62010738,1.07170133
2017,Females,VIC,0.53154967,0.90798543
2017,Females,QLD,1.41269297,0.7038559
2017,Females,QLD,4.06487819,1.1283246
2017,Females,SA,0.72237233,0.23055263
2017,Females,WA,9.12451495,2.40481947
2017,Females,WA,2.92512018,1.46157969
2017,Females,NT,0.65089319,0
2017,Males,NSW,7.82816349,0.44640264
2017,Males,NSW,28.13433333,1.11180739
2017,Males,VIC,3.87895152,0
2017,Males,VIC,4.16528562,0.47357611
2017,Males,QLD,12.18474141,0
2017,Males,QLD,36.70554047,0.42175102
2017,Males,SA,4.92473047,0.23384269
2017,Males,SA,2.43461553,0
2017,Males,WA,45.86464567,0.2565732
2017,Males,WA,25.53852435,0
2017,Males,TAS,0.60345862,0
2017,Males,TAS,2.98874857,0.12104352
2017,Males,NT,4.19357797,0.16233038
2017,Females,NSW,2.83319267,1.55329528
2017,Females,VIC,1.86022202,0.88731338
2017,Females,QLD,1.05652256,0.4931877
2017,Females,QLD,5.63028622,0.30216072
2017,Females,SA,0.98495126,0.50434304
2017,Females,WA,11.11062695,0.60989721
2017,Females,WA,2.94429475,0.49739203
2017,Females,TAS,0,0.09483486
2017,Females,NT,0.57768306,0.06616662
2017,Males,NSW,2.98751937,0
2017,Males,NSW,32.47105735,0
2017,Males,VIC,3.56037571,0
2017,Males,VIC,2.65793996,0
2017,Males,QLD,12.65499772,0
2017,Males,QLD,39.31948855,0.65971526
2017,Males,SA,3.34933814,0
2017,Males,SA,3.16346056,0
2017,Males,WA,42.42344301,0.97520873
2017,Males,WA,23.16149221,0.39119921
2017,Males,TAS,0.49626247,0
2017,Males,TAS,3.77129613,0.29746836
2017,Males,NT,4.32220238,0.10315842
2017,Males,NT,0,0.12536719
2017,Females,NSW,1.36364834,0
2017,Females,NSW,2.1617093,2.18732495
2017,Females,VIC,1.81780548,0.92993659
2017,Females,VIC,0,0.4212054
2017,Females,QLD,1.71687538,0.47887752
2017,Females,QLD,3.22311429,0.66454533
2017,Females,SA,2.17444464,0.23605728
2017,Females,SA,0.2739332,0
2017,Females,WA,10.65510024,2.31223012
2017,Females,WA,4.6165472,0.38266303
2017,Females,NT,0.36439558,0
2017,Males,NSW,3.93033414,0
2017,Males,NSW,32.53414511,0.47026387
2017,Males,VIC,5.37260843,0
2017,Males,VIC,4.27949566,0
2017,Males,QLD,9.71242151,0
2017,Males,QLD,38.89363281,0
2017,Males,SA,3.48789443,0.48237366
2017,Males,SA,3.50037812,0.21592639
2017,Males,WA,47.02944208,1.45176669
2017,Males,WA,23.33862325,0
2017,Males,TAS,0.49952494,0
2017,Males,TAS,3.47791555,0.16578548
2017,Males,NT,4.0062701,0
2017,Females,NSW,1.55832563,0
2017,Females,NSW,5.08501025,0.56216707
2017,Females,VIC,1.26419928,0.81617216
2017,Females,VIC,0,1.09494714
2017,Females,QLD,2.4416629,0.5269155
2017,Females,QLD,3.49551865,0.38176097
2017,Females,SA,0.75213762,0.27268936
2017,Females,SA,0.2698943,0
2017,Females,WA,11.00599483,2.87531675
2017,Females,WA,2.00919206,0
2017,Females,TAS,0,0.08304707
2017,Females,NT,0.45626997,0
2018,Males,NSW,4.08604639,0.32711826
2018,Males,NSW,30.02625649,0.68631948
2018,Males,VIC,3.11693562,0
2018,Males,VIC,5.99261924,0
2018,Males,QLD,9.20102056,0.35251433
2018,Males,QLD,44.39942576,0.82957061
2018,Males,SA,3.34884287,0.23391317
2018,Males,SA,2.85820845,0.28090607
2018,Males,WA,54.41641838,2.18443739
2018,Males,WA,20.57502601,0
2018,Males,TAS,0.58869303,0
2018,Males,TAS,3.58609284,0.11578629
2018,Males,NT,4.64404008,0
2018,Females,NSW,1.09223983,0.47905857
2018,Females,NSW,3.01209155,0.67049509
2018,Females,VIC,0.82225571,0
2018,Females,VIC,0.55340205,0.50683797
2018,Females,QLD,3.55173761,0.89187182
2018,Females,QLD,4.62989215,0.72562368
2018,Females,SA,1.16518629,0
2018,Females,SA,0,0
2018,Females,WA,11.43170758,2.59368786
2018,Females,WA,3.32026553,0
2018,Females,TAS,0.22530565,0
2018,Females,NT,0.72101919,0.06173934
2018,Males,NSW,2.51581662,0
2018,Males,NSW,27.37277791,0.82182039
2018,Males,VIC,5.09692996,0
2018,Males,VIC,5.55603932,0
2018,Males,QLD,9.86062863,0.35861501
2018,Males,QLD,43.34785593,1.19717323
2018,Males,SA,2.96130342,0
2018,Males,SA,1.83474318,0.54681377
2018,Males,WA,56.89756283,0.77872791
2018,Males,WA,27.93218084,0
2018,Males,TAS,0.46060708,0
2018,Males,TAS,2.74556444,0
2018,Males,NT,4.43444789,0.16875699
2018,Females,NSW,1.41392895,0.51847994
2018,Females,NSW,3.95019055,0
2018,Females,VIC,0.46781372,0.40711907
2018,Females,VIC,0.51256465,0
2018,Females,QLD,3.9162158,1.35572727
2018,Females,QLD,3.99518809,1.29094643
2018,Females,SA,1.17519056,0
2018,Females,WA,12.30049408,2.04856701
2018,Females,WA,3.03117454,0.50817409
2018,Females,NT,0.85042028,0
2018,Males,NSW,3.27670252,0
2018,Males,NSW,35.80060182,0.50619764
2018,Males,VIC,4.47464169,0
2018,Males,VIC,3.98774812,0.49885554
2018,Males,QLD,8.80227297,0
2018,Males,QLD,45.1821416,0
2018,Males,SA,3.72652693,0
2018,Males,SA,2.96093967,0
2018,Males,WA,61.83857883,0.91372103
2018,Males,WA,26.92836171,0.69883811
2018,Males,TAS,0.45228026,0
2018,Males,TAS,2.90727478,0
2018,Males,NT,2.82502189,0
2018,Females,NSW,2.0795776,0
2018,Females,NSW,2.67795202,1.05732257
2018,Females,VIC,1.04301047,0
2018,Females,VIC,0.83624429,0
2018,Females,QLD,5.19602332,0.77518398
2018,Females,QLD,6.68577978,1.68965308
2018,Females,SA,1.53830052,0.50017028
2018,Females,WA,11.86181644,1.29110113
2018,Females,WA,1.69380672,0.44161846
2018,Females,TAS,0.25784952,0.09401521
2018,Females,NT,0.57746023,0.06593916
2018,Males,NSW,4.82343605,0
2018,Males,NSW,29.65730965,0
2018,Males,VIC,2.9285135,0
2018,Males,VIC,9.05212653,0
2018,Males,QLD,9.90853687,0
2018,Males,QLD,41.51038238,1.26694601
2018,Males,SA,8.24454329,0
2018,Males,SA,6.03668834,0
2018,Males,WA,64.52535276,1.73930903
2018,Males,WA,29.65139907,0
2018,Males,TAS,0.3398295,0
2018,Males,TAS,2.38352361,0
2018,Males,NT,3.3974892,0
2018,Females,NSW,1.97927709,0.49097451
2018,Females,NSW,2.66790459,1.19776585
2018,Females,VIC,1.57784919,0
2018,Females,VIC,0.45813437,0
2018,Females,QLD,4.2776284,0.35686022
2018,Females,QLD,7.73698598,1.42039737
2018,Females,SA,1.01514622,0.21833602
2018,Females,SA,0.22990673,0
2018,Females,WA,9.57113994,2.49614826
2018,Females,WA,3.95507163,0
2018,Females,TAS,0,0
2018,Females,TAS,0.13705087,0.09639448
2018,Females,NT,0.9697787,0
